{"faces": [{"vertices": [[0.0625, 0.16666666666666666, 0.0], [0.0, 0.20833333333333334, 0.0], [0.0, 0.125, 0.0], [0.0625, 0.16666666666666666, 0.0], [0.0, 0.125, 0.0], [0.125, 0.041666666666666664, 0.0], [0.0625, 0.16666666666666666, 0.0], [0.125, 0.041666666666666664, 0.0], [0.25, 0.041666666666666664, 0.0], [0.0625, 0.16666666666666666, 0.0], [0.25, 0.041666666666666664, 0.0], [0.3125, 0.08333333333333333, 0.0], [0.0625, 0.16666666666666666, 0.0], [0.3125, 0.08333333333333333, 0.0], [0.3125, 0.25, 0.0], [0.0625, 0.16666666666666666, 0.0], [0.3125, 0.25, 0.0], [0.1875, 0.2916666666666667, 0.0], [0.3125, 0.125, 0.0], [0.3125, 0.16666666666666666, 0.0], [0.375, 0.125, 0.0], [0.375, 0.125, 0.0], [0.3125, 0.16666666666666666, 0.0], [0.375, 0.16666666666666666, 0.0], [0.125, 0.0, 0.0], [0.125, 0.041666666666666664, 0.0], [0.1875, 0.0, 0.0], [0.25, 0.0, 0.0], [0.25, 0.041666666666666664, 0.0], [0.3125, 0.0, 0.0], [0.3125, 0.2916666666666667, 0.0], [0.25, 0.25, 0.0], [0.25, 0.4166666666666667, 0.0], [0.25, 0.4166666666666667, 0.0], [0.25, 0.25, 0.0], [0.3125, 0.3333333333333333, 0.0], [0.3125, 0.3333333333333333, 0.0], [0.3125, 0.375, 0.0], [0.25, 0.4166666666666667, 0.0], [0.25, 0.4166666666666667, 0.0], [0.3125, 0.375, 0.0], [0.375, 0.375, 0.0], [0.25, 0.4166666666666667, 0.0], [0.3125, 0.375, 0.0], [0.3125, 0.4166666666666667, 0.0], [0.375, 0.375, 0.0], [0.3125, 0.4166666666666667, 0.0], [0.5, 0.375, 0.0], [0.5, 0.375, 0.0], [0.3125, 0.4166666666666667, 0.0], [0.5, 0.4583333333333333, 0.0], [0.5, 0.4583333333333333, 0.0], [0.3125, 0.4166666666666667, 0.0], [0.4375, 0.5, 0.0], [0.4375, 0.5, 0.0], [0.3125, 0.4166666666666667, 0.0], [0.3125, 0.4583333333333333, 0.0], [0.3125, 0.4583333333333333, 0.0], [0.4375, 0.5, 0.0], [0.25, 0.5, 0.0], [0.25, 0.5, 0.0], [0.3125, 0.4583333333333333, 0.0], [0.1875, 0.4583333333333333, 0.0], [0.1875, 0.4583333333333333, 0.0], [0.25, 0.4583333333333333, 0.0], [0.1875, 0.2916666666666667, 0.0], [0.25, 0.4583333333333333, 0.0], [0.25, 0.4166666666666667, 0.0], [0.1875, 0.2916666666666667, 0.0], [0.1875, 0.2916666666666667, 0.0], [0.25, 0.4166666666666667, 0.0], [0.25, 0.25, 0.0], [0.25, 0.25, 0.0], [0.3125, 0.25, 0.0], [0.3125, 0.3333333333333333, 0.0], [0.3125, 0.3333333333333333, 0.0], [0.3125, 0.25, 0.0], [0.375, 0.25, 0.0], [0.375, 0.25, 0.0], [0.3125, 0.3333333333333333, 0.0], [0.375, 0.3333333333333333, 0.0]], "color": [1, 0, 0, 1]}]}