{"faces": [{"vertices": [[0.0, 0.0, 0.0], [0.2, 0.0, 0.0], [0.2, 0.02857142857142857, 0.0], [0.2, 0.02857142857142857, 0.0], [0.0, 0.02857142857142857, 0.0], [0.0, 0.0, 0.0], [0.0, 0.0, 0.0], [0.06666666666666667, 0.0, 0.0], [0.0, 0.2, 0.0], [0.0, 0.2, 0.0], [0.0, 0.02857142857142857, 0.0], [0.06666666666666667, 0.2, 0.0], [0.06666666666666667, 0.2, 0.0], [0.06666666666666667, 0.17142857142857143, 0.0], [0.2, 0.2, 0.0], [0.2, 0.2, 0.0], [0.2, 0.17142857142857143, 0.0], [0.06666666666666667, 0.17142857142857143, 0.0], [0.06666666666666667, 0.17142857142857143, 0.0], [0.0, 0.2, 0.0], [0.0, 0.11428571428571428, 0.0], [0.0, 0.11428571428571428, 0.0], [0.0, 0.08571428571428572, 0.0], [0.2, 0.11428571428571428, 0.0], [0.2, 0.11428571428571428, 0.0], [0.2, 0.08571428571428572, 0.0], [0.0, 0.08571428571428572, 0.0]], "color": [0, 0, 0, 1]}]}