{"faces": [{"vertices": [[0.0, 0.0, 0.0], [0.0, 0.2, 0.0], [0.06666666666666667, 0.0, 0.0], [0.06666666666666667, 0.0, 0.0], [0.0, 0.2, 0.0], [0.06666666666666667, 0.2, 0.0], [0.06666666666666667, 0.2, 0.0], [0.06666666666666667, 0.17142857142857143, 0.0], [0.1, 0.11428571428571428, 0.0], [0.1, 0.11428571428571428, 0.0], [0.13333333333333333, 0.17142857142857143, 0.0], [0.13333333333333333, 0.2, 0.0], [0.13333333333333333, 0.2, 0.0], [0.2, 0.2, 0.0], [0.13333333333333333, 0.0, 0.0], [0.13333333333333333, 0.0, 0.0], [0.2, 0.0, 0.0], [0.2, 0.2, 0.0]], "color": [1, 0, 0, 1]}]}