{"faces": [{"vertices": [[0.0, 0.0, 0.0], [0.06666666666666667, 0.0, 0.0], [0.0, 0.2, 0.0], [0.0, 0.2, 0.0], [0.06666666666666667, 0.0, 0.0], [0.06666666666666667, 0.2, 0.0], [0.06666666666666667, 0.2, 0.0], [0.06666666666666667, 0.14285714285714285, 0.0], [0.13333333333333333, 0.0, 0.0], [0.13333333333333333, 0.0, 0.0], [0.13333333333333333, 0.05714285714285714, 0.0], [0.06666666666666667, 0.2, 0.0], [0.13333333333333333, 0.0, 0.0], [0.13333333333333333, 0.2, 0.0], [0.2, 0.0, 0.0], [0.2, 0.0, 0.0], [0.2, 0.2, 0.0], [0.13333333333333333, 0.2, 0.0]], "color": [0, 0, 0, 1]}]}